-- phpMyAdmin SQL Dump
-- version 5.1.1
-- https://www.phpmyadmin.net/
--
-- Servidor: 127.0.0.1
-- Tiempo de generación: 14-10-2024 a las 22:18:10
-- Versión del servidor: 10.4.22-MariaDB
-- Versión de PHP: 7.4.27

SET SQL_MODE = "NO_AUTO_VALUE_ON_ZERO";
START TRANSACTION;
SET time_zone = "+00:00";


/*!40101 SET @OLD_CHARACTER_SET_CLIENT=@@CHARACTER_SET_CLIENT */;
/*!40101 SET @OLD_CHARACTER_SET_RESULTS=@@CHARACTER_SET_RESULTS */;
/*!40101 SET @OLD_COLLATION_CONNECTION=@@COLLATION_CONNECTION */;
/*!40101 SET NAMES utf8mb4 */;

--
-- Base de datos: `calse_4`
--
CREATE DATABASE IF NOT EXISTS `calse_4` DEFAULT CHARACTER SET utf8mb4 COLLATE utf8mb4_spanish_ci;
USE `calse_4`;

-- --------------------------------------------------------

--
-- Estructura de tabla para la tabla `productos`
--

CREATE TABLE `productos` (
  `id` bigint(20) UNSIGNED NOT NULL,
  `codigo` varchar(255) NOT NULL,
  `descripcion` varchar(255) NOT NULL,
  `precioVenta` decimal(50,0) NOT NULL,
  `precioCompra` decimal(50,0) NOT NULL,
  `existencia` decimal(50,0) NOT NULL,
  `imagen` varchar(255) DEFAULT NULL
) ENGINE=InnoDB DEFAULT CHARSET=utf8;

--
-- Volcado de datos para la tabla `productos`
--

INSERT INTO `productos` (`id`, `codigo`, `descripcion`, `precioVenta`, `precioCompra`, `existencia`, `imagen`) VALUES
(8, '20', 'Collar Ansestral', '9999', '5900', '26', 'uploads/pr01.jpg'),
(9, '12', 'Mochila Wayuu', '100000', '59000', '15', 'uploads/bg13.jpg'),
(10, '13', 'Ruana Tradicional', '120000', '80000', '20', 'uploads/pr02.jpg');

-- --------------------------------------------------------

--
-- Estructura de tabla para la tabla `productos_vendidos`
--

CREATE TABLE `productos_vendidos` (
  `id` bigint(20) UNSIGNED NOT NULL,
  `id_producto` bigint(20) UNSIGNED NOT NULL,
  `cantidad` int(11) UNSIGNED NOT NULL,
  `id_venta` bigint(20) UNSIGNED NOT NULL
) ENGINE=InnoDB DEFAULT CHARSET=utf8;

-- --------------------------------------------------------

--
-- Estructura de tabla para la tabla `registro`
--

CREATE TABLE `registro` (
  `ID` int(11) NOT NULL,
  `nombre` varchar(50) COLLATE utf8mb4_spanish_ci NOT NULL,
  `apellido` varchar(50) COLLATE utf8mb4_spanish_ci NOT NULL,
  `edad` int(5) NOT NULL,
  `ciudad` varchar(50) COLLATE utf8mb4_spanish_ci NOT NULL,
  `celular` varchar(20) COLLATE utf8mb4_spanish_ci NOT NULL,
  `usuario` varchar(50) COLLATE utf8mb4_spanish_ci NOT NULL,
  `pass` varchar(50) COLLATE utf8mb4_spanish_ci NOT NULL,
  `usuarios_id` int(11) NOT NULL,
  `rol` int(11) DEFAULT NULL
) ENGINE=InnoDB DEFAULT CHARSET=utf8mb4 COLLATE=utf8mb4_spanish_ci;

--
-- Volcado de datos para la tabla `registro`
--

INSERT INTO `registro` (`ID`, `nombre`, `apellido`, `edad`, `ciudad`, `celular`, `usuario`, `pass`, `usuarios_id`, `rol`) VALUES
(8, 'Julian Camilo', 'Garay Pulido', 29, 'Bogota', '3107767460', '', '', 1, 1),
(11, 'usuario0', 'prueba', 25, 'Bogota', '3105555555', '', '', 4, 2),
(12, 'usuario1', 'prueba', 25, 'bogota', '3105555555', '', '', 5, NULL),
(13, 'usuario1', 'prueba', 25, 'bogota', '3105555555', '', '', 6, NULL),
(14, 'usuario2', 'prueba', 56, 'Bogota', '3101234567', '', '', 7, NULL);

-- --------------------------------------------------------

--
-- Estructura de tabla para la tabla `roles`
--

CREATE TABLE `roles` (
  `id` int(11) NOT NULL,
  `nombre` varchar(50) COLLATE utf8mb4_spanish_ci NOT NULL,
  `descripcion` varchar(255) COLLATE utf8mb4_spanish_ci DEFAULT NULL,
  `fyh_creacion` datetime DEFAULT NULL,
  `fyh_actualizacion` datetime DEFAULT NULL,
  `fyh_eliminacion` datetime DEFAULT NULL,
  `estado` varchar(10) COLLATE utf8mb4_spanish_ci DEFAULT NULL
) ENGINE=InnoDB DEFAULT CHARSET=utf8mb4 COLLATE=utf8mb4_spanish_ci;

--
-- Volcado de datos para la tabla `roles`
--

INSERT INTO `roles` (`id`, `nombre`, `descripcion`, `fyh_creacion`, `fyh_actualizacion`, `fyh_eliminacion`, `estado`) VALUES
(1, 'admin', 'Administrador con acceso total', NULL, NULL, NULL, NULL),
(2, 'vendedor', 'entra a modulo  ventas', NULL, NULL, NULL, NULL),
(3, 'viewer', 'Usuario solo de lectura', NULL, NULL, NULL, NULL);

-- --------------------------------------------------------

--
-- Estructura de tabla para la tabla `tb_clientes`
--

CREATE TABLE `tb_clientes` (
  `id_cliente` int(11) NOT NULL,
  `nombre_cliente` varchar(255) COLLATE utf8mb4_spanish_ci DEFAULT NULL,
  `nit_ci_cliente` varchar(255) COLLATE utf8mb4_spanish_ci DEFAULT NULL,
  `placa_auto` varchar(255) COLLATE utf8mb4_spanish_ci DEFAULT NULL,
  `fyh_creacion` datetime DEFAULT NULL,
  `fyh_actualizacion` datetime DEFAULT NULL,
  `fyh_eliminacion` datetime DEFAULT NULL,
  `estado` varchar(10) COLLATE utf8mb4_spanish_ci DEFAULT NULL
) ENGINE=InnoDB DEFAULT CHARSET=utf8mb4 COLLATE=utf8mb4_spanish_ci;

-- --------------------------------------------------------

--
-- Estructura de tabla para la tabla `tb_facturaciones`
--

CREATE TABLE `tb_facturaciones` (
  `id_facturacion` int(11) NOT NULL,
  `id_informacion` varchar(255) COLLATE utf8mb4_spanish_ci DEFAULT NULL,
  `nro_factura` varchar(255) COLLATE utf8mb4_spanish_ci DEFAULT NULL,
  `id_cliente` varchar(255) COLLATE utf8mb4_spanish_ci DEFAULT NULL,
  `fecha_factura` varchar(255) COLLATE utf8mb4_spanish_ci DEFAULT NULL,
  `fecha_ingreso` varchar(255) COLLATE utf8mb4_spanish_ci DEFAULT NULL,
  `hora_ingreso` varchar(255) COLLATE utf8mb4_spanish_ci DEFAULT NULL,
  `fecha_salida` varchar(255) COLLATE utf8mb4_spanish_ci DEFAULT NULL,
  `hora_salida` varchar(255) COLLATE utf8mb4_spanish_ci DEFAULT NULL,
  `tiempo` varchar(255) COLLATE utf8mb4_spanish_ci DEFAULT NULL,
  `cuviculo` varchar(255) COLLATE utf8mb4_spanish_ci DEFAULT NULL,
  `detalle` varchar(255) COLLATE utf8mb4_spanish_ci DEFAULT NULL,
  `precio` varchar(255) COLLATE utf8mb4_spanish_ci DEFAULT NULL,
  `cantidad` varchar(255) COLLATE utf8mb4_spanish_ci DEFAULT NULL,
  `total` varchar(255) COLLATE utf8mb4_spanish_ci DEFAULT NULL,
  `monto_total` varchar(255) COLLATE utf8mb4_spanish_ci DEFAULT NULL,
  `monto_literal` varchar(255) COLLATE utf8mb4_spanish_ci DEFAULT NULL,
  `user_sesion` varchar(255) COLLATE utf8mb4_spanish_ci DEFAULT NULL,
  `qr` varchar(255) COLLATE utf8mb4_spanish_ci DEFAULT NULL,
  `fyh_creacion` datetime DEFAULT NULL,
  `fyh_actualizacion` datetime DEFAULT NULL,
  `fyh_eliminacion` datetime DEFAULT NULL,
  `estado` varchar(10) COLLATE utf8mb4_spanish_ci DEFAULT NULL
) ENGINE=InnoDB DEFAULT CHARSET=utf8mb4 COLLATE=utf8mb4_spanish_ci;

-- --------------------------------------------------------

--
-- Estructura de tabla para la tabla `tb_informaciones`
--

CREATE TABLE `tb_informaciones` (
  `id_informacion` int(11) NOT NULL,
  `nombre_parqueo` varchar(255) COLLATE utf8mb4_spanish_ci DEFAULT NULL,
  `actividad_empresa` varchar(255) COLLATE utf8mb4_spanish_ci DEFAULT NULL,
  `sucursal` varchar(255) COLLATE utf8mb4_spanish_ci DEFAULT NULL,
  `direccion` varchar(255) COLLATE utf8mb4_spanish_ci DEFAULT NULL,
  `zona` varchar(255) COLLATE utf8mb4_spanish_ci DEFAULT NULL,
  `telefono` varchar(255) COLLATE utf8mb4_spanish_ci DEFAULT NULL,
  `departamento_ciudad` varchar(255) COLLATE utf8mb4_spanish_ci DEFAULT NULL,
  `pais` varchar(255) COLLATE utf8mb4_spanish_ci DEFAULT NULL,
  `fyh_creacion` datetime DEFAULT NULL,
  `fyh_actualizacion` datetime DEFAULT NULL,
  `fyh_eliminacion` datetime DEFAULT NULL,
  `estado` varchar(10) COLLATE utf8mb4_spanish_ci DEFAULT NULL
) ENGINE=InnoDB DEFAULT CHARSET=utf8mb4 COLLATE=utf8mb4_spanish_ci;

-- --------------------------------------------------------

--
-- Estructura de tabla para la tabla `tb_mapeos`
--

CREATE TABLE `tb_mapeos` (
  `id_map` int(11) NOT NULL,
  `nro_espacio` varchar(255) COLLATE utf8mb4_spanish_ci DEFAULT NULL,
  `estado_espacio` varchar(255) COLLATE utf8mb4_spanish_ci DEFAULT NULL,
  `obs` varchar(255) COLLATE utf8mb4_spanish_ci DEFAULT NULL,
  `fyh_creacion` datetime DEFAULT NULL,
  `fyh_actualizacion` datetime DEFAULT NULL,
  `fyh_eliminacion` datetime DEFAULT NULL,
  `estado` varchar(10) COLLATE utf8mb4_spanish_ci DEFAULT NULL
) ENGINE=InnoDB DEFAULT CHARSET=utf8mb4 COLLATE=utf8mb4_spanish_ci;

-- --------------------------------------------------------

--
-- Estructura de tabla para la tabla `tb_precios`
--

CREATE TABLE `tb_precios` (
  `id_precio` int(11) NOT NULL,
  `cantidad` varchar(255) COLLATE utf8mb4_spanish_ci DEFAULT NULL,
  `detalle` varchar(255) COLLATE utf8mb4_spanish_ci DEFAULT NULL,
  `precio` varchar(255) COLLATE utf8mb4_spanish_ci DEFAULT NULL,
  `fyh_creacion` datetime DEFAULT NULL,
  `fyh_actualizacion` datetime DEFAULT NULL,
  `fyh_eliminacion` datetime DEFAULT NULL,
  `estado` varchar(10) COLLATE utf8mb4_spanish_ci DEFAULT NULL
) ENGINE=InnoDB DEFAULT CHARSET=utf8mb4 COLLATE=utf8mb4_spanish_ci;

-- --------------------------------------------------------

--
-- Estructura de tabla para la tabla `tb_tickets`
--

CREATE TABLE `tb_tickets` (
  `id_ticket` int(11) NOT NULL,
  `nombre_cliente` varchar(255) COLLATE utf8mb4_spanish_ci DEFAULT NULL,
  `nit_ci` varchar(255) COLLATE utf8mb4_spanish_ci DEFAULT NULL,
  `placa_auto` varchar(255) COLLATE utf8mb4_spanish_ci DEFAULT NULL,
  `cuviculo` varchar(255) COLLATE utf8mb4_spanish_ci DEFAULT NULL,
  `fecha_ingreso` varchar(255) COLLATE utf8mb4_spanish_ci DEFAULT NULL,
  `hora_ingreso` varchar(255) COLLATE utf8mb4_spanish_ci DEFAULT NULL,
  `estado_ticket` varchar(255) COLLATE utf8mb4_spanish_ci DEFAULT NULL,
  `user_sesion` varchar(255) COLLATE utf8mb4_spanish_ci DEFAULT NULL,
  `fyh_creacion` datetime DEFAULT NULL,
  `fyh_actualizacion` datetime DEFAULT NULL,
  `fyh_eliminacion` datetime DEFAULT NULL,
  `estado` varchar(10) COLLATE utf8mb4_spanish_ci DEFAULT NULL
) ENGINE=InnoDB DEFAULT CHARSET=utf8mb4 COLLATE=utf8mb4_spanish_ci;

-- --------------------------------------------------------

--
-- Estructura de tabla para la tabla `usuarios`
--

CREATE TABLE `usuarios` (
  `ID` int(11) NOT NULL,
  `usuario` varchar(50) COLLATE utf8mb4_spanish_ci NOT NULL,
  `pass` varchar(50) COLLATE utf8mb4_spanish_ci NOT NULL,
  `rol_id` int(11) DEFAULT NULL,
  `email` varchar(255) COLLATE utf8mb4_spanish_ci DEFAULT NULL,
  `email_verificado` varchar(255) COLLATE utf8mb4_spanish_ci DEFAULT NULL,
  `password_user` varchar(255) COLLATE utf8mb4_spanish_ci DEFAULT NULL,
  `token` varchar(255) COLLATE utf8mb4_spanish_ci DEFAULT NULL,
  `estado` varchar(10) COLLATE utf8mb4_spanish_ci DEFAULT NULL,
  `fyh_creacion` datetime DEFAULT NULL,
  `fyh_actualizacion` datetime DEFAULT NULL,
  `fyh_eliminacion` datetime DEFAULT NULL
) ENGINE=InnoDB DEFAULT CHARSET=utf8mb4 COLLATE=utf8mb4_spanish_ci;

--
-- Volcado de datos para la tabla `usuarios`
--

INSERT INTO `usuarios` (`ID`, `usuario`, `pass`, `rol_id`, `email`, `email_verificado`, `password_user`, `token`, `estado`, `fyh_creacion`, `fyh_actualizacion`, `fyh_eliminacion`) VALUES
(1, 'jgaray04', 'jgaray04', 1, 'julcamgar@gmail.com', 'jgaray04@prueba.com', 'jgaray04', NULL, '1', NULL, NULL, NULL),
(4, 'usuario0', 'usuario0', 2, NULL, NULL, NULL, NULL, NULL, NULL, NULL, NULL),
(5, 'usuario1', 'usuario1', 1, NULL, NULL, NULL, NULL, NULL, NULL, NULL, NULL),
(6, 'usuario1', 'usuario1', NULL, NULL, NULL, NULL, NULL, NULL, NULL, NULL, NULL),
(7, 'usuario2', 'usuario2', NULL, NULL, NULL, NULL, NULL, NULL, NULL, NULL, NULL),
(8, 'jleiva01', 'jleiva01', 2, NULL, NULL, NULL, NULL, NULL, NULL, NULL, NULL),
(11, 'jzamora01', 'jzamora01', 1, NULL, NULL, NULL, NULL, NULL, NULL, NULL, NULL);

-- --------------------------------------------------------

--
-- Estructura de tabla para la tabla `ventas`
--

CREATE TABLE `ventas` (
  `id` bigint(20) UNSIGNED NOT NULL,
  `fecha` datetime NOT NULL,
  `total` decimal(7,2) DEFAULT NULL
) ENGINE=InnoDB DEFAULT CHARSET=utf8;

--
-- Volcado de datos para la tabla `ventas`
--

INSERT INTO `ventas` (`id`, `fecha`, `total`) VALUES
(2, '2024-10-02 02:26:08', '0.00'),
(3, '2024-10-02 02:26:26', '13000.00'),
(4, '2024-10-02 04:15:02', '26000.00'),
(5, '2024-10-02 15:19:25', '28000.00'),
(7, '2024-10-02 15:22:09', '20000.00'),
(11, '2024-10-04 17:07:48', '8000.00'),
(12, '2024-10-06 01:45:54', '23000.00');

-- --------------------------------------------------------

--
-- Estructura Stand-in para la vista `vista_usuarios`
-- (Véase abajo para la vista actual)
--
CREATE TABLE `vista_usuarios` (
`ID` int(11)
,`nombre` varchar(50)
,`apellido` varchar(50)
,`edad` int(5)
,`ciudad` varchar(50)
,`celular` varchar(20)
,`usuario` varchar(50)
,`pass` varchar(50)
,`rol_nombre` varchar(50)
);

-- --------------------------------------------------------

--
-- Estructura para la vista `vista_usuarios`
--
DROP TABLE IF EXISTS `vista_usuarios`;

CREATE ALGORITHM=UNDEFINED DEFINER=`root`@`localhost` SQL SECURITY DEFINER VIEW `vista_usuarios`  AS SELECT `u`.`ID` AS `ID`, `r`.`nombre` AS `nombre`, `r`.`apellido` AS `apellido`, `r`.`edad` AS `edad`, `r`.`ciudad` AS `ciudad`, `r`.`celular` AS `celular`, `u`.`usuario` AS `usuario`, `u`.`pass` AS `pass`, `rl`.`nombre` AS `rol_nombre` FROM ((`registro` `r` join `usuarios` `u` on(`r`.`usuarios_id` = `u`.`ID`)) left join `roles` `rl` on(`u`.`rol_id` = `rl`.`id`)) ;

--
-- Índices para tablas volcadas
--

--
-- Indices de la tabla `productos`
--
ALTER TABLE `productos`
  ADD PRIMARY KEY (`id`);

--
-- Indices de la tabla `productos_vendidos`
--
ALTER TABLE `productos_vendidos`
  ADD PRIMARY KEY (`id`),
  ADD KEY `id_producto` (`id_producto`),
  ADD KEY `id_venta` (`id_venta`);

--
-- Indices de la tabla `registro`
--
ALTER TABLE `registro`
  ADD PRIMARY KEY (`ID`),
  ADD KEY `fk_usuarios` (`usuarios_id`);

--
-- Indices de la tabla `roles`
--
ALTER TABLE `roles`
  ADD PRIMARY KEY (`id`),
  ADD UNIQUE KEY `nombre` (`nombre`);

--
-- Indices de la tabla `tb_clientes`
--
ALTER TABLE `tb_clientes`
  ADD PRIMARY KEY (`id_cliente`);

--
-- Indices de la tabla `tb_facturaciones`
--
ALTER TABLE `tb_facturaciones`
  ADD PRIMARY KEY (`id_facturacion`);

--
-- Indices de la tabla `tb_informaciones`
--
ALTER TABLE `tb_informaciones`
  ADD PRIMARY KEY (`id_informacion`);

--
-- Indices de la tabla `tb_mapeos`
--
ALTER TABLE `tb_mapeos`
  ADD PRIMARY KEY (`id_map`);

--
-- Indices de la tabla `tb_precios`
--
ALTER TABLE `tb_precios`
  ADD PRIMARY KEY (`id_precio`);

--
-- Indices de la tabla `tb_tickets`
--
ALTER TABLE `tb_tickets`
  ADD PRIMARY KEY (`id_ticket`);

--
-- Indices de la tabla `usuarios`
--
ALTER TABLE `usuarios`
  ADD PRIMARY KEY (`ID`),
  ADD KEY `fk_rol` (`rol_id`);

--
-- Indices de la tabla `ventas`
--
ALTER TABLE `ventas`
  ADD PRIMARY KEY (`id`);

--
-- AUTO_INCREMENT de las tablas volcadas
--

--
-- AUTO_INCREMENT de la tabla `productos`
--
ALTER TABLE `productos`
  MODIFY `id` bigint(20) UNSIGNED NOT NULL AUTO_INCREMENT, AUTO_INCREMENT=11;

--
-- AUTO_INCREMENT de la tabla `productos_vendidos`
--
ALTER TABLE `productos_vendidos`
  MODIFY `id` bigint(20) UNSIGNED NOT NULL AUTO_INCREMENT, AUTO_INCREMENT=20;

--
-- AUTO_INCREMENT de la tabla `registro`
--
ALTER TABLE `registro`
  MODIFY `ID` int(11) NOT NULL AUTO_INCREMENT, AUTO_INCREMENT=15;

--
-- AUTO_INCREMENT de la tabla `roles`
--
ALTER TABLE `roles`
  MODIFY `id` int(11) NOT NULL AUTO_INCREMENT, AUTO_INCREMENT=4;

--
-- AUTO_INCREMENT de la tabla `tb_clientes`
--
ALTER TABLE `tb_clientes`
  MODIFY `id_cliente` int(11) NOT NULL AUTO_INCREMENT;

--
-- AUTO_INCREMENT de la tabla `tb_facturaciones`
--
ALTER TABLE `tb_facturaciones`
  MODIFY `id_facturacion` int(11) NOT NULL AUTO_INCREMENT;

--
-- AUTO_INCREMENT de la tabla `tb_informaciones`
--
ALTER TABLE `tb_informaciones`
  MODIFY `id_informacion` int(11) NOT NULL AUTO_INCREMENT;

--
-- AUTO_INCREMENT de la tabla `tb_mapeos`
--
ALTER TABLE `tb_mapeos`
  MODIFY `id_map` int(11) NOT NULL AUTO_INCREMENT;

--
-- AUTO_INCREMENT de la tabla `tb_precios`
--
ALTER TABLE `tb_precios`
  MODIFY `id_precio` int(11) NOT NULL AUTO_INCREMENT;

--
-- AUTO_INCREMENT de la tabla `tb_tickets`
--
ALTER TABLE `tb_tickets`
  MODIFY `id_ticket` int(11) NOT NULL AUTO_INCREMENT;

--
-- AUTO_INCREMENT de la tabla `usuarios`
--
ALTER TABLE `usuarios`
  MODIFY `ID` int(11) NOT NULL AUTO_INCREMENT, AUTO_INCREMENT=12;

--
-- AUTO_INCREMENT de la tabla `ventas`
--
ALTER TABLE `ventas`
  MODIFY `id` bigint(20) UNSIGNED NOT NULL AUTO_INCREMENT, AUTO_INCREMENT=13;

--
-- Restricciones para tablas volcadas
--

--
-- Filtros para la tabla `productos_vendidos`
--
ALTER TABLE `productos_vendidos`
  ADD CONSTRAINT `productos_vendidos_ibfk_1` FOREIGN KEY (`id_producto`) REFERENCES `productos` (`id`) ON DELETE CASCADE,
  ADD CONSTRAINT `productos_vendidos_ibfk_2` FOREIGN KEY (`id_venta`) REFERENCES `ventas` (`id`) ON DELETE CASCADE;

--
-- Filtros para la tabla `registro`
--
ALTER TABLE `registro`
  ADD CONSTRAINT `fk_usuario` FOREIGN KEY (`usuarios_id`) REFERENCES `usuarios` (`ID`),
  ADD CONSTRAINT `fk_usuarios` FOREIGN KEY (`usuarios_id`) REFERENCES `usuarios` (`ID`);

--
-- Filtros para la tabla `usuarios`
--
ALTER TABLE `usuarios`
  ADD CONSTRAINT `fk_rol` FOREIGN KEY (`rol_id`) REFERENCES `roles` (`id`);
--
-- Base de datos: `phpmyadmin`
--
CREATE DATABASE IF NOT EXISTS `phpmyadmin` DEFAULT CHARACTER SET utf8 COLLATE utf8_bin;
USE `phpmyadmin`;

-- --------------------------------------------------------

--
-- Estructura de tabla para la tabla `pma__bookmark`
--

CREATE TABLE `pma__bookmark` (
  `id` int(10) UNSIGNED NOT NULL,
  `dbase` varchar(255) COLLATE utf8_bin NOT NULL DEFAULT '',
  `user` varchar(255) COLLATE utf8_bin NOT NULL DEFAULT '',
  `label` varchar(255) CHARACTER SET utf8 NOT NULL DEFAULT '',
  `query` text COLLATE utf8_bin NOT NULL
) ENGINE=InnoDB DEFAULT CHARSET=utf8 COLLATE=utf8_bin COMMENT='Bookmarks';

-- --------------------------------------------------------

--
-- Estructura de tabla para la tabla `pma__central_columns`
--

CREATE TABLE `pma__central_columns` (
  `db_name` varchar(64) COLLATE utf8_bin NOT NULL,
  `col_name` varchar(64) COLLATE utf8_bin NOT NULL,
  `col_type` varchar(64) COLLATE utf8_bin NOT NULL,
  `col_length` text COLLATE utf8_bin DEFAULT NULL,
  `col_collation` varchar(64) COLLATE utf8_bin NOT NULL,
  `col_isNull` tinyint(1) NOT NULL,
  `col_extra` varchar(255) COLLATE utf8_bin DEFAULT '',
  `col_default` text COLLATE utf8_bin DEFAULT NULL
) ENGINE=InnoDB DEFAULT CHARSET=utf8 COLLATE=utf8_bin COMMENT='Central list of columns';

-- --------------------------------------------------------

--
-- Estructura de tabla para la tabla `pma__column_info`
--

CREATE TABLE `pma__column_info` (
  `id` int(5) UNSIGNED NOT NULL,
  `db_name` varchar(64) COLLATE utf8_bin NOT NULL DEFAULT '',
  `table_name` varchar(64) COLLATE utf8_bin NOT NULL DEFAULT '',
  `column_name` varchar(64) COLLATE utf8_bin NOT NULL DEFAULT '',
  `comment` varchar(255) CHARACTER SET utf8 NOT NULL DEFAULT '',
  `mimetype` varchar(255) CHARACTER SET utf8 NOT NULL DEFAULT '',
  `transformation` varchar(255) COLLATE utf8_bin NOT NULL DEFAULT '',
  `transformation_options` varchar(255) COLLATE utf8_bin NOT NULL DEFAULT '',
  `input_transformation` varchar(255) COLLATE utf8_bin NOT NULL DEFAULT '',
  `input_transformation_options` varchar(255) COLLATE utf8_bin NOT NULL DEFAULT ''
) ENGINE=InnoDB DEFAULT CHARSET=utf8 COLLATE=utf8_bin COMMENT='Column information for phpMyAdmin';

-- --------------------------------------------------------

--
-- Estructura de tabla para la tabla `pma__designer_settings`
--

CREATE TABLE `pma__designer_settings` (
  `username` varchar(64) COLLATE utf8_bin NOT NULL,
  `settings_data` text COLLATE utf8_bin NOT NULL
) ENGINE=InnoDB DEFAULT CHARSET=utf8 COLLATE=utf8_bin COMMENT='Settings related to Designer';

-- --------------------------------------------------------

--
-- Estructura de tabla para la tabla `pma__export_templates`
--

CREATE TABLE `pma__export_templates` (
  `id` int(5) UNSIGNED NOT NULL,
  `username` varchar(64) COLLATE utf8_bin NOT NULL,
  `export_type` varchar(10) COLLATE utf8_bin NOT NULL,
  `template_name` varchar(64) COLLATE utf8_bin NOT NULL,
  `template_data` text COLLATE utf8_bin NOT NULL
) ENGINE=InnoDB DEFAULT CHARSET=utf8 COLLATE=utf8_bin COMMENT='Saved export templates';

-- --------------------------------------------------------

--
-- Estructura de tabla para la tabla `pma__favorite`
--

CREATE TABLE `pma__favorite` (
  `username` varchar(64) COLLATE utf8_bin NOT NULL,
  `tables` text COLLATE utf8_bin NOT NULL
) ENGINE=InnoDB DEFAULT CHARSET=utf8 COLLATE=utf8_bin COMMENT='Favorite tables';

-- --------------------------------------------------------

--
-- Estructura de tabla para la tabla `pma__history`
--

CREATE TABLE `pma__history` (
  `id` bigint(20) UNSIGNED NOT NULL,
  `username` varchar(64) COLLATE utf8_bin NOT NULL DEFAULT '',
  `db` varchar(64) COLLATE utf8_bin NOT NULL DEFAULT '',
  `table` varchar(64) COLLATE utf8_bin NOT NULL DEFAULT '',
  `timevalue` timestamp NOT NULL DEFAULT current_timestamp(),
  `sqlquery` text COLLATE utf8_bin NOT NULL
) ENGINE=InnoDB DEFAULT CHARSET=utf8 COLLATE=utf8_bin COMMENT='SQL history for phpMyAdmin';

-- --------------------------------------------------------

--
-- Estructura de tabla para la tabla `pma__navigationhiding`
--

CREATE TABLE `pma__navigationhiding` (
  `username` varchar(64) COLLATE utf8_bin NOT NULL,
  `item_name` varchar(64) COLLATE utf8_bin NOT NULL,
  `item_type` varchar(64) COLLATE utf8_bin NOT NULL,
  `db_name` varchar(64) COLLATE utf8_bin NOT NULL,
  `table_name` varchar(64) COLLATE utf8_bin NOT NULL
) ENGINE=InnoDB DEFAULT CHARSET=utf8 COLLATE=utf8_bin COMMENT='Hidden items of navigation tree';

-- --------------------------------------------------------

--
-- Estructura de tabla para la tabla `pma__pdf_pages`
--

CREATE TABLE `pma__pdf_pages` (
  `db_name` varchar(64) COLLATE utf8_bin NOT NULL DEFAULT '',
  `page_nr` int(10) UNSIGNED NOT NULL,
  `page_descr` varchar(50) CHARACTER SET utf8 NOT NULL DEFAULT ''
) ENGINE=InnoDB DEFAULT CHARSET=utf8 COLLATE=utf8_bin COMMENT='PDF relation pages for phpMyAdmin';

-- --------------------------------------------------------

--
-- Estructura de tabla para la tabla `pma__recent`
--

CREATE TABLE `pma__recent` (
  `username` varchar(64) COLLATE utf8_bin NOT NULL,
  `tables` text COLLATE utf8_bin NOT NULL
) ENGINE=InnoDB DEFAULT CHARSET=utf8 COLLATE=utf8_bin COMMENT='Recently accessed tables';

--
-- Volcado de datos para la tabla `pma__recent`
--

INSERT INTO `pma__recent` (`username`, `tables`) VALUES
('root', '[{\"db\":\"calse_4\",\"table\":\"productos\"},{\"db\":\"calse_4\",\"table\":\"productos_vendidos\"},{\"db\":\"calse_4\",\"table\":\"usuarios\"},{\"db\":\"calse_4\",\"table\":\"roles\"},{\"db\":\"calse_4\",\"table\":\"registro\"},{\"db\":\"calse_4\",\"table\":\"tb_informaciones\"},{\"db\":\"calse_4\",\"table\":\"tb_mapeos\"},{\"db\":\"calse_4\",\"table\":\"tbl_detalle_venta\"},{\"db\":\"calse_4\",\"table\":\"tbl_entidad\"},{\"db\":\"calse_4\",\"table\":\"tbl_venta\"}]');

-- --------------------------------------------------------

--
-- Estructura de tabla para la tabla `pma__relation`
--

CREATE TABLE `pma__relation` (
  `master_db` varchar(64) COLLATE utf8_bin NOT NULL DEFAULT '',
  `master_table` varchar(64) COLLATE utf8_bin NOT NULL DEFAULT '',
  `master_field` varchar(64) COLLATE utf8_bin NOT NULL DEFAULT '',
  `foreign_db` varchar(64) COLLATE utf8_bin NOT NULL DEFAULT '',
  `foreign_table` varchar(64) COLLATE utf8_bin NOT NULL DEFAULT '',
  `foreign_field` varchar(64) COLLATE utf8_bin NOT NULL DEFAULT ''
) ENGINE=InnoDB DEFAULT CHARSET=utf8 COLLATE=utf8_bin COMMENT='Relation table';

-- --------------------------------------------------------

--
-- Estructura de tabla para la tabla `pma__savedsearches`
--

CREATE TABLE `pma__savedsearches` (
  `id` int(5) UNSIGNED NOT NULL,
  `username` varchar(64) COLLATE utf8_bin NOT NULL DEFAULT '',
  `db_name` varchar(64) COLLATE utf8_bin NOT NULL DEFAULT '',
  `search_name` varchar(64) COLLATE utf8_bin NOT NULL DEFAULT '',
  `search_data` text COLLATE utf8_bin NOT NULL
) ENGINE=InnoDB DEFAULT CHARSET=utf8 COLLATE=utf8_bin COMMENT='Saved searches';

-- --------------------------------------------------------

--
-- Estructura de tabla para la tabla `pma__table_coords`
--

CREATE TABLE `pma__table_coords` (
  `db_name` varchar(64) COLLATE utf8_bin NOT NULL DEFAULT '',
  `table_name` varchar(64) COLLATE utf8_bin NOT NULL DEFAULT '',
  `pdf_page_number` int(11) NOT NULL DEFAULT 0,
  `x` float UNSIGNED NOT NULL DEFAULT 0,
  `y` float UNSIGNED NOT NULL DEFAULT 0
) ENGINE=InnoDB DEFAULT CHARSET=utf8 COLLATE=utf8_bin COMMENT='Table coordinates for phpMyAdmin PDF output';

-- --------------------------------------------------------

--
-- Estructura de tabla para la tabla `pma__table_info`
--

CREATE TABLE `pma__table_info` (
  `db_name` varchar(64) COLLATE utf8_bin NOT NULL DEFAULT '',
  `table_name` varchar(64) COLLATE utf8_bin NOT NULL DEFAULT '',
  `display_field` varchar(64) COLLATE utf8_bin NOT NULL DEFAULT ''
) ENGINE=InnoDB DEFAULT CHARSET=utf8 COLLATE=utf8_bin COMMENT='Table information for phpMyAdmin';

-- --------------------------------------------------------

--
-- Estructura de tabla para la tabla `pma__table_uiprefs`
--

CREATE TABLE `pma__table_uiprefs` (
  `username` varchar(64) COLLATE utf8_bin NOT NULL,
  `db_name` varchar(64) COLLATE utf8_bin NOT NULL,
  `table_name` varchar(64) COLLATE utf8_bin NOT NULL,
  `prefs` text COLLATE utf8_bin NOT NULL,
  `last_update` timestamp NOT NULL DEFAULT current_timestamp() ON UPDATE current_timestamp()
) ENGINE=InnoDB DEFAULT CHARSET=utf8 COLLATE=utf8_bin COMMENT='Tables'' UI preferences';

-- --------------------------------------------------------

--
-- Estructura de tabla para la tabla `pma__tracking`
--

CREATE TABLE `pma__tracking` (
  `db_name` varchar(64) COLLATE utf8_bin NOT NULL,
  `table_name` varchar(64) COLLATE utf8_bin NOT NULL,
  `version` int(10) UNSIGNED NOT NULL,
  `date_created` datetime NOT NULL,
  `date_updated` datetime NOT NULL,
  `schema_snapshot` text COLLATE utf8_bin NOT NULL,
  `schema_sql` text COLLATE utf8_bin DEFAULT NULL,
  `data_sql` longtext COLLATE utf8_bin DEFAULT NULL,
  `tracking` set('UPDATE','REPLACE','INSERT','DELETE','TRUNCATE','CREATE DATABASE','ALTER DATABASE','DROP DATABASE','CREATE TABLE','ALTER TABLE','RENAME TABLE','DROP TABLE','CREATE INDEX','DROP INDEX','CREATE VIEW','ALTER VIEW','DROP VIEW') COLLATE utf8_bin DEFAULT NULL,
  `tracking_active` int(1) UNSIGNED NOT NULL DEFAULT 1
) ENGINE=InnoDB DEFAULT CHARSET=utf8 COLLATE=utf8_bin COMMENT='Database changes tracking for phpMyAdmin';

-- --------------------------------------------------------

--
-- Estructura de tabla para la tabla `pma__userconfig`
--

CREATE TABLE `pma__userconfig` (
  `username` varchar(64) COLLATE utf8_bin NOT NULL,
  `timevalue` timestamp NOT NULL DEFAULT current_timestamp() ON UPDATE current_timestamp(),
  `config_data` text COLLATE utf8_bin NOT NULL
) ENGINE=InnoDB DEFAULT CHARSET=utf8 COLLATE=utf8_bin COMMENT='User preferences storage for phpMyAdmin';

--
-- Volcado de datos para la tabla `pma__userconfig`
--

INSERT INTO `pma__userconfig` (`username`, `timevalue`, `config_data`) VALUES
('root', '2024-10-14 20:18:00', '{\"Console\\/Mode\":\"collapse\",\"lang\":\"es\"}');

-- --------------------------------------------------------

--
-- Estructura de tabla para la tabla `pma__usergroups`
--

CREATE TABLE `pma__usergroups` (
  `usergroup` varchar(64) COLLATE utf8_bin NOT NULL,
  `tab` varchar(64) COLLATE utf8_bin NOT NULL,
  `allowed` enum('Y','N') COLLATE utf8_bin NOT NULL DEFAULT 'N'
) ENGINE=InnoDB DEFAULT CHARSET=utf8 COLLATE=utf8_bin COMMENT='User groups with configured menu items';

-- --------------------------------------------------------

--
-- Estructura de tabla para la tabla `pma__users`
--

CREATE TABLE `pma__users` (
  `username` varchar(64) COLLATE utf8_bin NOT NULL,
  `usergroup` varchar(64) COLLATE utf8_bin NOT NULL
) ENGINE=InnoDB DEFAULT CHARSET=utf8 COLLATE=utf8_bin COMMENT='Users and their assignments to user groups';

--
-- Índices para tablas volcadas
--

--
-- Indices de la tabla `pma__bookmark`
--
ALTER TABLE `pma__bookmark`
  ADD PRIMARY KEY (`id`);

--
-- Indices de la tabla `pma__central_columns`
--
ALTER TABLE `pma__central_columns`
  ADD PRIMARY KEY (`db_name`,`col_name`);

--
-- Indices de la tabla `pma__column_info`
--
ALTER TABLE `pma__column_info`
  ADD PRIMARY KEY (`id`),
  ADD UNIQUE KEY `db_name` (`db_name`,`table_name`,`column_name`);

--
-- Indices de la tabla `pma__designer_settings`
--
ALTER TABLE `pma__designer_settings`
  ADD PRIMARY KEY (`username`);

--
-- Indices de la tabla `pma__export_templates`
--
ALTER TABLE `pma__export_templates`
  ADD PRIMARY KEY (`id`),
  ADD UNIQUE KEY `u_user_type_template` (`username`,`export_type`,`template_name`);

--
-- Indices de la tabla `pma__favorite`
--
ALTER TABLE `pma__favorite`
  ADD PRIMARY KEY (`username`);

--
-- Indices de la tabla `pma__history`
--
ALTER TABLE `pma__history`
  ADD PRIMARY KEY (`id`),
  ADD KEY `username` (`username`,`db`,`table`,`timevalue`);

--
-- Indices de la tabla `pma__navigationhiding`
--
ALTER TABLE `pma__navigationhiding`
  ADD PRIMARY KEY (`username`,`item_name`,`item_type`,`db_name`,`table_name`);

--
-- Indices de la tabla `pma__pdf_pages`
--
ALTER TABLE `pma__pdf_pages`
  ADD PRIMARY KEY (`page_nr`),
  ADD KEY `db_name` (`db_name`);

--
-- Indices de la tabla `pma__recent`
--
ALTER TABLE `pma__recent`
  ADD PRIMARY KEY (`username`);

--
-- Indices de la tabla `pma__relation`
--
ALTER TABLE `pma__relation`
  ADD PRIMARY KEY (`master_db`,`master_table`,`master_field`),
  ADD KEY `foreign_field` (`foreign_db`,`foreign_table`);

--
-- Indices de la tabla `pma__savedsearches`
--
ALTER TABLE `pma__savedsearches`
  ADD PRIMARY KEY (`id`),
  ADD UNIQUE KEY `u_savedsearches_username_dbname` (`username`,`db_name`,`search_name`);

--
-- Indices de la tabla `pma__table_coords`
--
ALTER TABLE `pma__table_coords`
  ADD PRIMARY KEY (`db_name`,`table_name`,`pdf_page_number`);

--
-- Indices de la tabla `pma__table_info`
--
ALTER TABLE `pma__table_info`
  ADD PRIMARY KEY (`db_name`,`table_name`);

--
-- Indices de la tabla `pma__table_uiprefs`
--
ALTER TABLE `pma__table_uiprefs`
  ADD PRIMARY KEY (`username`,`db_name`,`table_name`);

--
-- Indices de la tabla `pma__tracking`
--
ALTER TABLE `pma__tracking`
  ADD PRIMARY KEY (`db_name`,`table_name`,`version`);

--
-- Indices de la tabla `pma__userconfig`
--
ALTER TABLE `pma__userconfig`
  ADD PRIMARY KEY (`username`);

--
-- Indices de la tabla `pma__usergroups`
--
ALTER TABLE `pma__usergroups`
  ADD PRIMARY KEY (`usergroup`,`tab`,`allowed`);

--
-- Indices de la tabla `pma__users`
--
ALTER TABLE `pma__users`
  ADD PRIMARY KEY (`username`,`usergroup`);

--
-- AUTO_INCREMENT de las tablas volcadas
--

--
-- AUTO_INCREMENT de la tabla `pma__bookmark`
--
ALTER TABLE `pma__bookmark`
  MODIFY `id` int(10) UNSIGNED NOT NULL AUTO_INCREMENT;

--
-- AUTO_INCREMENT de la tabla `pma__column_info`
--
ALTER TABLE `pma__column_info`
  MODIFY `id` int(5) UNSIGNED NOT NULL AUTO_INCREMENT;

--
-- AUTO_INCREMENT de la tabla `pma__export_templates`
--
ALTER TABLE `pma__export_templates`
  MODIFY `id` int(5) UNSIGNED NOT NULL AUTO_INCREMENT;

--
-- AUTO_INCREMENT de la tabla `pma__history`
--
ALTER TABLE `pma__history`
  MODIFY `id` bigint(20) UNSIGNED NOT NULL AUTO_INCREMENT;

--
-- AUTO_INCREMENT de la tabla `pma__pdf_pages`
--
ALTER TABLE `pma__pdf_pages`
  MODIFY `page_nr` int(10) UNSIGNED NOT NULL AUTO_INCREMENT;

--
-- AUTO_INCREMENT de la tabla `pma__savedsearches`
--
ALTER TABLE `pma__savedsearches`
  MODIFY `id` int(5) UNSIGNED NOT NULL AUTO_INCREMENT;
--
-- Base de datos: `test`
--
CREATE DATABASE IF NOT EXISTS `test` DEFAULT CHARACTER SET latin1 COLLATE latin1_swedish_ci;
USE `test`;
COMMIT;

/*!40101 SET CHARACTER_SET_CLIENT=@OLD_CHARACTER_SET_CLIENT */;
/*!40101 SET CHARACTER_SET_RESULTS=@OLD_CHARACTER_SET_RESULTS */;
/*!40101 SET COLLATION_CONNECTION=@OLD_COLLATION_CONNECTION */;
